{"package": {"2": {"min_watt": 47.79866666665961, "max_watt": 194.1890000000009}, "0": {"min_watt": 47.79866666666445, "max_watt": 207.2226666666635}, "1": {"min_watt": 47.79866666665961, "max_watt": 100.05733333334017}}, "core": {"2": {"min_watt": 0.0, "max_watt": 0.0}, "0": {"min_watt": 0.0, "max_watt": 0.0}, "1": {"min_watt": 0.0, "max_watt": 0.0}}, "uncore": {"2": {"min_watt": 0.0, "max_watt": 0.0}, "0": {"min_watt": 0.0, "max_watt": 0.0}, "1": {"min_watt": 0.0, "max_watt": 0.0}}, "dram": {"2": {"min_watt": 1.0016666666665515, "max_watt": 3.856333333333396}, "0": {"min_watt": 1.0016666666666652, "max_watt": 3.623333333333335}, "1": {"min_watt": 1.0016666666665515, "max_watt": 2.956333333333229}}}